{
  "events-855" : {
    "transaction" : "events-855",
    "sampleCount" : 50,
    "errorCount" : 0,
    "errorPct" : 0.0,
    "meanResTime" : 7320.940000000001,
    "medianResTime" : 6891.0,
    "minResTime" : 2629.0,
    "maxResTime" : 12380.0,
    "pct1ResTime" : 11439.1,
    "pct2ResTime" : 12148.65,
    "pct3ResTime" : 12380.0,
    "throughput" : 1.308489479744583,
    "receivedKBytesPerSec" : 85.19748786376007,
    "sentKBytesPerSec" : 0.4676827632680833
  },
  "membershipregistration-908" : {
    "transaction" : "membershipregistration-908",
    "sampleCount" : 50,
    "errorCount" : 0,
    "errorPct" : 0.0,
    "meanResTime" : 8021.520000000004,
    "medianResTime" : 7306.5,
    "minResTime" : 927.0,
    "maxResTime" : 12492.0,
    "pct1ResTime" : 12075.0,
    "pct2ResTime" : 12419.949999999999,
    "pct3ResTime" : 12492.0,
    "throughput" : 1.0132122882386319,
    "receivedKBytesPerSec" : 74.12182199633217,
    "sentKBytesPerSec" : 0.3413654682053984
  },
  "events-856" : {
    "transaction" : "events-856",
    "sampleCount" : 50,
    "errorCount" : 1,
    "errorPct" : 2.0,
    "meanResTime" : 7162.44,
    "medianResTime" : 6670.0,
    "minResTime" : 320.0,
    "maxResTime" : 21497.0,
    "pct1ResTime" : 12938.699999999995,
    "pct2ResTime" : 18565.64999999998,
    "pct3ResTime" : 21497.0,
    "throughput" : 1.5082046332046333,
    "receivedKBytesPerSec" : 64.55811018188948,
    "sentKBytesPerSec" : 0.5427180109797297
  },
  "launch-502" : {
    "transaction" : "launch-502",
    "sampleCount" : 50,
    "errorCount" : 0,
    "errorPct" : 0.0,
    "meanResTime" : 5383.339999999998,
    "medianResTime" : 4637.5,
    "minResTime" : 87.0,
    "maxResTime" : 10710.0,
    "pct1ResTime" : 10407.0,
    "pct2ResTime" : 10443.6,
    "pct3ResTime" : 10710.0,
    "throughput" : 2.8124648441894475,
    "receivedKBytesPerSec" : 19.08301341545731,
    "sentKBytesPerSec" : 0.9969968148835641
  },
  "membershipregistration-928" : {
    "transaction" : "membershipregistration-928",
    "sampleCount" : 50,
    "errorCount" : 0,
    "errorPct" : 0.0,
    "meanResTime" : 4218.0,
    "medianResTime" : 3383.5,
    "minResTime" : 471.0,
    "maxResTime" : 9405.0,
    "pct1ResTime" : 8638.3,
    "pct2ResTime" : 9152.699999999999,
    "pct3ResTime" : 9405.0,
    "throughput" : 1.3246787653993908,
    "receivedKBytesPerSec" : 96.90723729964235,
    "sentKBytesPerSec" : 0.45147743078553454
  },
  "membershipregistration-927" : {
    "transaction" : "membershipregistration-927",
    "sampleCount" : 50,
    "errorCount" : 0,
    "errorPct" : 0.0,
    "meanResTime" : 6766.560000000002,
    "medianResTime" : 7313.5,
    "minResTime" : 982.0,
    "maxResTime" : 15753.0,
    "pct1ResTime" : 10537.1,
    "pct2ResTime" : 11870.299999999997,
    "pct3ResTime" : 15753.0,
    "throughput" : 1.0961787209786684,
    "receivedKBytesPerSec" : 71.3736523852849,
    "sentKBytesPerSec" : 0.37359997423980007
  },
  "membershipregistration-938" : {
    "transaction" : "membershipregistration-938",
    "sampleCount" : 50,
    "errorCount" : 0,
    "errorPct" : 0.0,
    "meanResTime" : 1069.3400000000001,
    "medianResTime" : 739.5,
    "minResTime" : 80.0,
    "maxResTime" : 4587.0,
    "pct1ResTime" : 2612.399999999999,
    "pct2ResTime" : 3123.299999999998,
    "pct3ResTime" : 4587.0,
    "throughput" : 1.6352160120351897,
    "receivedKBytesPerSec" : 0.44233870638061284,
    "sentKBytesPerSec" : 1.2791094000392451
  },
  "corporatesearch-991" : {
    "transaction" : "corporatesearch-991",
    "sampleCount" : 50,
    "errorCount" : 1,
    "errorPct" : 2.0,
    "meanResTime" : 21041.599999999995,
    "medianResTime" : 21403.5,
    "minResTime" : 3542.0,
    "maxResTime" : 44801.0,
    "pct1ResTime" : 32710.8,
    "pct2ResTime" : 35143.45,
    "pct3ResTime" : 44801.0,
    "throughput" : 0.7248477819657871,
    "receivedKBytesPerSec" : 882.142511303095,
    "sentKBytesPerSec" : 0.25112011633806897
  },
  "events-863" : {
    "transaction" : "events-863",
    "sampleCount" : 50,
    "errorCount" : 0,
    "errorPct" : 0.0,
    "meanResTime" : 2773.3999999999996,
    "medianResTime" : 2660.5,
    "minResTime" : 789.0,
    "maxResTime" : 5549.0,
    "pct1ResTime" : 4488.4,
    "pct2ResTime" : 5440.2,
    "pct3ResTime" : 5549.0,
    "throughput" : 1.2595410232511273,
    "receivedKBytesPerSec" : 0.536288951306144,
    "sentKBytesPerSec" : 0.742932400433282
  },
  "adminlogin-939" : {
    "transaction" : "adminlogin-939",
    "sampleCount" : 50,
    "errorCount" : 0,
    "errorPct" : 0.0,
    "meanResTime" : 3232.2999999999993,
    "medianResTime" : 1269.0,
    "minResTime" : 431.0,
    "maxResTime" : 18618.0,
    "pct1ResTime" : 7639.9,
    "pct2ResTime" : 16331.8,
    "pct3ResTime" : 18618.0,
    "throughput" : 0.6197015517326855,
    "receivedKBytesPerSec" : 0.33466304502751476,
    "sentKBytesPerSec" : 0.2862488612983987
  },
  "membershipregistration-909" : {
    "transaction" : "membershipregistration-909",
    "sampleCount" : 50,
    "errorCount" : 1,
    "errorPct" : 2.0,
    "meanResTime" : 5005.680000000002,
    "medianResTime" : 4787.0,
    "minResTime" : 594.0,
    "maxResTime" : 21072.0,
    "pct1ResTime" : 8456.9,
    "pct2ResTime" : 9151.949999999999,
    "pct3ResTime" : 21072.0,
    "throughput" : 1.0297600659046442,
    "receivedKBytesPerSec" : 65.76271029631346,
    "sentKBytesPerSec" : 0.3400018342601174
  },
  "adminlogin-951" : {
    "transaction" : "adminlogin-951",
    "sampleCount" : 50,
    "errorCount" : 0,
    "errorPct" : 0.0,
    "meanResTime" : 3452.919999999999,
    "medianResTime" : 2027.0,
    "minResTime" : 266.0,
    "maxResTime" : 8432.0,
    "pct1ResTime" : 6616.4,
    "pct2ResTime" : 7856.599999999996,
    "pct3ResTime" : 8432.0,
    "throughput" : 0.7411250277921885,
    "receivedKBytesPerSec" : 17.139240022604312,
    "sentKBytesPerSec" : 0.22870655154524566
  },
  "adminlogin-941" : {
    "transaction" : "adminlogin-941",
    "sampleCount" : 50,
    "errorCount" : 0,
    "errorPct" : 0.0,
    "meanResTime" : 5482.22,
    "medianResTime" : 3674.0,
    "minResTime" : 396.0,
    "maxResTime" : 12376.0,
    "pct1ResTime" : 11641.6,
    "pct2ResTime" : 12003.1,
    "pct3ResTime" : 12376.0,
    "throughput" : 0.6191490415572837,
    "receivedKBytesPerSec" : 45.294017433689135,
    "sentKBytesPerSec" : 0.19227480001485958
  },
  "adminlogin-952" : {
    "transaction" : "adminlogin-952",
    "sampleCount" : 50,
    "errorCount" : 0,
    "errorPct" : 0.0,
    "meanResTime" : 3774.280000000002,
    "medianResTime" : 2143.5,
    "minResTime" : 177.0,
    "maxResTime" : 11742.0,
    "pct1ResTime" : 10017.7,
    "pct2ResTime" : 10997.899999999996,
    "pct3ResTime" : 11742.0,
    "throughput" : 0.6401147085557732,
    "receivedKBytesPerSec" : 4.363281900116501,
    "sentKBytesPerSec" : 0.23254167146752697
  },
  "adminlogin-982" : {
    "transaction" : "adminlogin-982",
    "sampleCount" : 50,
    "errorCount" : 0,
    "errorPct" : 0.0,
    "meanResTime" : 8573.700000000003,
    "medianResTime" : 8028.0,
    "minResTime" : 2360.0,
    "maxResTime" : 17848.0,
    "pct1ResTime" : 14768.3,
    "pct2ResTime" : 15044.899999999998,
    "pct3ResTime" : 17848.0,
    "throughput" : 1.016590761223162,
    "receivedKBytesPerSec" : 1194.952801597064,
    "sentKBytesPerSec" : 0.340518194433149
  },
  "adminlogin-983" : {
    "transaction" : "adminlogin-983",
    "sampleCount" : 50,
    "errorCount" : 0,
    "errorPct" : 0.0,
    "meanResTime" : 779.1199999999999,
    "medianResTime" : 647.5,
    "minResTime" : 97.0,
    "maxResTime" : 2725.0,
    "pct1ResTime" : 1430.3,
    "pct2ResTime" : 1832.5999999999972,
    "pct3ResTime" : 2725.0,
    "throughput" : 1.0042580541495945,
    "receivedKBytesPerSec" : 18.91908410410139,
    "sentKBytesPerSec" : 0.31088847965373184
  },
  "adminlogin-944" : {
    "transaction" : "adminlogin-944",
    "sampleCount" : 50,
    "errorCount" : 0,
    "errorPct" : 0.0,
    "meanResTime" : 1044.2799999999995,
    "medianResTime" : 800.0,